datetime,dataset,seed,train_file_name,size,model,max_iter,accuracy,precision,recall,f1
2026-09-10 09:31:38,stanford_dataset_merged.csv,35,train_20.csv,20,logistic_regression,1000,0.691,0.6751008434176751,0.7364,0.7044193610101397
2026-09-10 09:31:39,stanford_dataset_merged.csv,35,train_900.csv,900,logistic_regression,1000,0.832,0.8336012861736335,0.8296,0.8315958299919808
2026-09-10 09:31:39,stanford_dataset_merged.csv,35,train_500.csv,500,logistic_regression,1000,0.8208,0.8381112984822934,0.7952,0.8160919540229885
2026-09-10 09:31:39,stanford_dataset_merged.csv,35,train_70.csv,70,logistic_regression,1000,0.7642,0.7411464037970062,0.812,0.7749570528726857
2026-09-10 09:31:39,stanford_dataset_merged.csv,35,train_700.csv,700,logistic_regression,1000,0.8333,0.8403103941188482,0.823,0.8315651207436597
2026-09-10 09:31:40,stanford_dataset_merged.csv,35,train_1100.csv,1100,logistic_regression,1000,0.8309,0.8370340191485027,0.8218,0.829347058229892
2026-09-10 09:31:40,stanford_dataset_merged.csv,35,train_100.csv,100,logistic_regression,1000,0.7863,0.779535247022066,0.7984,0.788854856239502
2026-09-10 09:31:40,stanford_dataset_merged.csv,35,train_150.csv,150,logistic_regression,1000,0.8089,0.8040952943492814,0.8168,0.810397856930251
2026-09-10 09:31:40,stanford_dataset_merged.csv,35,train_200.csv,200,logistic_regression,1000,0.8178,0.8249488752556238,0.8068,0.8157735085945399
2026-09-10 09:31:40,stanford_dataset_merged.csv,35,train_300.csv,300,logistic_regression,1000,0.8193,0.8410596026490066,0.7874,0.8133457287470303
2026-09-10 09:31:40,stanford_dataset_merged.csv,35,train_40.csv,40,logistic_regression,1000,0.7232,0.7285948381810733,0.7114,0.7198947581461242
2026-09-10 09:31:41,stanford_dataset_merged.csv,7,train_900.csv,900,logistic_regression,1000,0.8309,0.8287303794953308,0.8342,0.8314561945579587
2026-09-10 09:31:41,stanford_dataset_merged.csv,7,train_1100.csv,1100,logistic_regression,1000,0.8297,0.8280597014925373,0.8322,0.8301246882793017
2026-09-10 09:31:41,stanford_dataset_merged.csv,7,train_500.csv,500,logistic_regression,1000,0.8186,0.8104053000779423,0.8318,0.8209632846427162
2026-09-10 09:31:42,stanford_dataset_merged.csv,7,train_70.csv,70,logistic_regression,1000,0.7603,0.7413313554607825,0.7996,0.7693639949966323
2026-09-10 09:31:42,stanford_dataset_merged.csv,7,train_700.csv,700,logistic_regression,1000,0.8195,0.8226620884669764,0.8146,0.8186111948547885
2026-09-10 09:31:42,stanford_dataset_merged.csv,7,train_20.csv,20,logistic_regression,1000,0.6775,0.7901274926446551,0.4834,0.5998262811763246
2026-09-10 09:31:42,stanford_dataset_merged.csv,7,train_40.csv,40,logistic_regression,1000,0.7242,0.7690830532885262,0.6408,0.6991053894828715
2026-09-10 09:31:42,stanford_dataset_merged.csv,7,train_100.csv,100,logistic_regression,1000,0.7823,0.7728590759713899,0.7996,0.7860021625872408
2026-09-10 09:31:42,stanford_dataset_merged.csv,7,train_300.csv,300,logistic_regression,1000,0.8103,0.8057142857142857,0.8178,0.811712158808933
2026-09-10 09:31:42,stanford_dataset_merged.csv,7,train_200.csv,200,logistic_regression,1000,0.7999,0.7988837950966713,0.8016,0.8002395926924228
2026-09-10 09:31:43,stanford_dataset_merged.csv,7,train_150.csv,150,logistic_regression,1000,0.7869,0.7809990205680705,0.7974,0.7891142998515587
2026-09-10 09:31:43,stanford_dataset_merged.csv,10,train_70.csv,70,logistic_regression,1000,0.7734,0.7638996138996139,0.7914,0.7774066797642436
2026-09-10 09:31:43,stanford_dataset_merged.csv,10,train_900.csv,900,logistic_regression,1000,0.834,0.8354760948171956,0.8318,0.8336339947885347
2026-09-10 09:31:43,stanford_dataset_merged.csv,10,train_500.csv,500,logistic_regression,1000,0.8194,0.8199118589743589,0.8186,0.8192554043234588
2026-09-10 09:31:44,stanford_dataset_merged.csv,10,train_700.csv,700,logistic_regression,1000,0.8294,0.8299278846153846,0.8286,0.8292634107285829
2026-09-10 09:31:44,stanford_dataset_merged.csv,10,train_20.csv,20,logistic_regression,1000,0.6615,0.6468448808874341,0.7114,0.677588341746833
2026-09-10 09:31:44,stanford_dataset_merged.csv,10,train_100.csv,100,logistic_regression,1000,0.7809,0.7697330516612253,0.8016,0.785343391789948
2026-09-10 09:31:44,stanford_dataset_merged.csv,10,train_1100.csv,1100,logistic_regression,1000,0.8334,0.8336669335468375,0.833,0.8333333333333334
2026-09-10 09:31:44,stanford_dataset_merged.csv,10,train_40.csv,40,logistic_regression,1000,0.7208,0.701019664967225,0.77,0.7338924895158215
2026-09-10 09:31:45,stanford_dataset_merged.csv,10,train_300.csv,300,logistic_regression,1000,0.8067,0.8088620342396777,0.8032,0.8060210737581536
2026-09-10 09:31:45,stanford_dataset_merged.csv,10,train_150.csv,150,logistic_regression,1000,0.7997,0.7978533094812165,0.8028,0.8003190110656964
2026-09-10 09:31:45,stanford_dataset_merged.csv,10,train_200.csv,200,logistic_regression,1000,0.797,0.787122969837587,0.8142,0.8004325599685411
